<Schema name="Acesso">
  <Cube name="Controle de Acessos" visible="true" cache="true" enabled="true">
    <Table name="f_acesso" schema="public">
    </Table>
    <Dimension type="StandardDimension" visible="true" foreignKey="d_curso" highCardinality="false" name="D_CURSO">
      <Hierarchy visible="true" hasAll="true" primaryKey="CURSO-ID">
        <Table name="d_curso" schema="public">
        </Table>
        <Level name="Nome do Curso" visible="true" column="NOME-CURSO" type="String" uniqueMembers="false" levelType="Regular" hideMemberIf="Never">
        </Level>
      </Hierarchy>
    </Dimension>
    <Dimension type="StandardDimension" visible="true" foreignKey="d_regiao" highCardinality="false" name="D_REGIAO">
      <Hierarchy visible="true" hasAll="true" primaryKey="id_regiao">
        <Table name="d_regiao" schema="public">
        </Table>
        <Level name="Regi&#227;o (Estado)" visible="true" column="estado" type="String" uniqueMembers="false" levelType="Regular" hideMemberIf="Never">
        </Level>
      </Hierarchy>
    </Dimension>
    <Dimension type="StandardDimension" visible="true" foreignKey="d_tempo" highCardinality="false" name="D_TEMPO">
      <Hierarchy visible="true" hasAll="true" primaryKey="date_sk">
        <Table name="d_tempo" schema="public">
        </Table>
        <Level name="Data" visible="true" column="day_date" type="Timestamp" uniqueMembers="false" levelType="Regular" hideMemberIf="Never">
        </Level>
      </Hierarchy>
    </Dimension>
    <Dimension type="StandardDimension" visible="true" foreignKey="d_perfil" highCardinality="false" name="D_PERFIL">
      <Hierarchy visible="true" hasAll="true" primaryKey="id_perfil">
        <Table name="d_perfil" schema="public">
        </Table>
        <Level name="Perfil do Aluno" visible="true" column="faixa_etaria" type="String" uniqueMembers="false" levelType="Regular" hideMemberIf="Never">
        </Level>
      </Hierarchy>
    </Dimension>
    <Measure name="Quantidade de Alunos" column="id_aluno" datatype="Integer" aggregator="distinct count" visible="true">
    </Measure>
    <Measure name="Quantidade de Matr&#237;culas" column="d_tempo" datatype="Integer" aggregator="count" visible="true">
    </Measure>
  </Cube>
</Schema>
